935662,INAPP
935716,INAPP
935717,INAPP
935781,EMAIL|INAPP
935852,INAPP
935864,EMAIL|INAPP
935943,EMAIL
936006,EMAIL|INAPP
936115,EMAIL|INAPP
936140,EMAIL|INAPP
936283,INAPP
936302,EMAIL|INAPP
936336,INAPP
936380,EMAIL|INAPP
936394,EMAIL|INAPP
936400,INAPP
936437,EMAIL|INAPP
936445,INAPP
936452,INAPP
936449,INAPP
936519,INAPP
936586,INAPP
936721,EMAIL|INAPP
936753,EMAIL|INAPP
936773,EMAIL
936812,EMAIL
936853,EMAIL
936905,EMAIL|INAPP
936908,EMAIL|INAPP
936985,INAPP
936990,EMAIL
937004,INAPP
937001,EMAIL
937040,EMAIL|INAPP
937109,EMAIL|INAPP
937122,EMAIL|INAPP
937147,EMAIL|INAPP
937155,EMAIL
937260,EMAIL|INAPP
937469,INAPP
937468,INAPP
937477,EMAIL|INAPP
937536,EMAIL
937538,EMAIL
937545,INAPP
937717,EMAIL|INAPP
937866,EMAIL
937956,INAPP
937967,INAPP
938072,INAPP
938127,INAPP
938134,INAPP
938213,EMAIL|INAPP
938237,INAPP
938251,EMAIL|INAPP
938335,EMAIL
938353,EMAIL
938433,EMAIL
938453,INAPP
938505,INAPP
938551,INAPP
938768,EMAIL
938825,INAPP
938843,EMAIL|INAPP
938932,EMAIL|INAPP
938958,EMAIL|INAPP
938970,EMAIL
938981,EMAIL
939008,EMAIL|INAPP
939070,EMAIL|INAPP
939203,EMAIL|INAPP
939241,EMAIL
939290,INAPP
939344,INAPP
939351,INAPP
939393,EMAIL
939450,EMAIL|INAPP
939494,EMAIL|INAPP
939522,INAPP
939576,EMAIL|INAPP
939618,INAPP
939690,INAPP
939696,INAPP
939737,INAPP
939764,EMAIL|INAPP
939867,EMAIL|INAPP
939906,INAPP
939963,INAPP
940005,EMAIL
940002,INAPP
940013,INAPP
940051,EMAIL
940103,INAPP
940127,EMAIL|INAPP
940131,EMAIL|INAPP
940285,EMAIL
940398,EMAIL
940432,EMAIL
940453,EMAIL
940469,EMAIL|INAPP
940470,INAPP
940496,EMAIL|INAPP
940531,EMAIL
940658,EMAIL|INAPP
940669,EMAIL
940695,EMAIL
940819,EMAIL
940829,INAPP
940836,EMAIL|INAPP
940856,EMAIL
940885,INAPP
940933,EMAIL
941081,EMAIL|INAPP
941206,EMAIL|INAPP
941254,INAPP
941261,EMAIL
941413,INAPP
941482,EMAIL
941510,EMAIL
941525,INAPP
941526,INAPP
941549,EMAIL
941572,INAPP
941580,EMAIL|INAPP
941608,INAPP
941825,INAPP
941826,EMAIL
941850,INAPP
941877,EMAIL
941900,EMAIL
941956,EMAIL
941955,EMAIL
941989,EMAIL
941998,EMAIL
941991,EMAIL
942173,EMAIL
942180,EMAIL
942198,EMAIL|INAPP
942467,INAPP
942486,INAPP
942544,EMAIL|INAPP
942603,INAPP
942697,EMAIL|INAPP
942700,EMAIL|INAPP
942777,INAPP
942858,EMAIL
942937,EMAIL|INAPP
942995,INAPP
943035,INAPP
943042,EMAIL
943044,INAPP
943067,EMAIL
943085,INAPP
943123,EMAIL
943146,INAPP
943153,EMAIL|INAPP
943216,EMAIL|INAPP
943351,INAPP
943364,EMAIL
943458,EMAIL
943495,EMAIL|INAPP
943607,EMAIL|INAPP
943752,INAPP
943814,EMAIL
943853,INAPP
943943,INAPP
