918880,EMAIL
918881,INAPP
918894,EMAIL|INAPP
918930,EMAIL|INAPP
919051,EMAIL
919077,INAPP
919104,EMAIL|INAPP
919135,EMAIL
919193,EMAIL
919219,INAPP
919272,INAPP
919286,INAPP
919289,EMAIL
919291,EMAIL
919300,EMAIL
919435,EMAIL|INAPP
919575,EMAIL|INAPP
919574,EMAIL
919597,INAPP
919771,EMAIL
919808,EMAIL
919823,EMAIL
919832,EMAIL
919855,EMAIL
919868,INAPP
919908,EMAIL|INAPP
920117,INAPP
920151,EMAIL|INAPP
920167,INAPP
920294,EMAIL|INAPP
920385,INAPP
920384,EMAIL
920560,EMAIL|INAPP
920614,EMAIL
920624,EMAIL|INAPP
920619,INAPP
920706,EMAIL|INAPP
920782,INAPP
920846,EMAIL|INAPP
920880,EMAIL|INAPP
920895,EMAIL|INAPP
920922,EMAIL|INAPP
920950,EMAIL
921054,EMAIL|INAPP
921088,EMAIL
921253,EMAIL|INAPP
921444,INAPP
921543,EMAIL|INAPP
921594,EMAIL|INAPP
921592,EMAIL
921605,EMAIL|INAPP
921635,EMAIL
921642,EMAIL
921720,EMAIL
921721,INAPP
921725,INAPP
921733,EMAIL|INAPP
921808,INAPP
921823,EMAIL
921862,EMAIL|INAPP
921883,INAPP
921954,INAPP
921968,EMAIL
921964,INAPP
922021,EMAIL
922046,EMAIL|INAPP
922077,EMAIL|INAPP
922130,INAPP
922159,EMAIL
922169,EMAIL|INAPP
922225,EMAIL|INAPP
922336,INAPP
922365,EMAIL
922414,INAPP
922532,EMAIL
922545,INAPP
922607,EMAIL|INAPP
922626,INAPP
922683,INAPP
922715,EMAIL|INAPP
922807,EMAIL
922828,EMAIL
922853,EMAIL
922902,INAPP
922980,EMAIL|INAPP
923085,EMAIL|INAPP
923121,EMAIL
923226,EMAIL|INAPP
923265,EMAIL|INAPP
923346,EMAIL
923415,EMAIL
923523,INAPP
923594,EMAIL
923648,EMAIL
923751,INAPP
923782,EMAIL
923795,INAPP
923869,EMAIL|INAPP
923936,EMAIL
924077,INAPP
924195,EMAIL
924208,EMAIL
924295,EMAIL|INAPP
924356,EMAIL
924374,INAPP
924401,INAPP
924462,EMAIL
924466,EMAIL|INAPP
924510,INAPP
924634,INAPP
924693,EMAIL|INAPP
924703,INAPP
924787,INAPP
924806,EMAIL
924825,INAPP
924844,INAPP
924889,EMAIL|INAPP
925070,EMAIL|INAPP
925173,INAPP
925167,INAPP
925177,EMAIL
925256,EMAIL
925310,EMAIL
925315,EMAIL
925368,EMAIL
925407,INAPP
925408,EMAIL|INAPP
925517,INAPP
925537,EMAIL
925566,EMAIL
925639,EMAIL|INAPP
925633,INAPP
925647,INAPP
925710,EMAIL
925744,EMAIL|INAPP
925763,EMAIL|INAPP
925800,EMAIL
925871,EMAIL|INAPP
925894,EMAIL|INAPP
926063,EMAIL|INAPP
926128,EMAIL|INAPP
926254,EMAIL|INAPP
926255,EMAIL|INAPP
926264,EMAIL
926287,EMAIL|INAPP
926290,EMAIL
926394,EMAIL
926457,INAPP
926472,INAPP
926518,EMAIL|INAPP
926579,INAPP
926583,EMAIL
926721,EMAIL|INAPP
926826,INAPP
