927069,INAPP
927113,INAPP
927135,EMAIL
927160,EMAIL
927385,EMAIL
927395,INAPP
927413,EMAIL
927423,EMAIL|INAPP
927433,EMAIL|INAPP
927432,EMAIL|INAPP
927579,EMAIL|INAPP
927572,INAPP
927616,INAPP
927621,EMAIL
927658,EMAIL
927693,EMAIL|INAPP
927698,EMAIL
927729,INAPP
927787,EMAIL|INAPP
927832,INAPP
927839,EMAIL|INAPP
927854,INAPP
928006,EMAIL
928058,INAPP
928157,EMAIL
928158,EMAIL
928308,INAPP
928334,EMAIL|INAPP
928361,EMAIL
928413,EMAIL
928444,EMAIL|INAPP
928450,EMAIL|INAPP
928464,EMAIL
928624,EMAIL
928643,INAPP
928716,EMAIL|INAPP
928781,EMAIL
928918,EMAIL
929014,EMAIL
929043,INAPP
929159,INAPP
929177,EMAIL|INAPP
929185,EMAIL|INAPP
929209,EMAIL
929229,INAPP
929330,INAPP
929346,EMAIL
929356,INAPP
929408,INAPP
929433,EMAIL
929430,INAPP
929534,EMAIL
929622,INAPP
929711,EMAIL|INAPP
929872,EMAIL
929881,EMAIL
930093,EMAIL|INAPP
930114,INAPP
930121,EMAIL
930146,EMAIL
930155,EMAIL
930283,EMAIL
930392,INAPP
930390,INAPP
930419,EMAIL|INAPP
930425,EMAIL|INAPP
930447,INAPP
930467,EMAIL|INAPP
930550,EMAIL
930561,EMAIL
930571,INAPP
930586,EMAIL
930579,EMAIL|INAPP
930596,EMAIL|INAPP
930626,INAPP
930670,EMAIL|INAPP
930705,EMAIL|INAPP
930749,EMAIL
930764,EMAIL
930778,EMAIL
930857,EMAIL
930886,EMAIL|INAPP
930974,EMAIL|INAPP
931088,EMAIL|INAPP
931185,INAPP
931196,EMAIL
931244,EMAIL|INAPP
931263,EMAIL
931266,EMAIL|INAPP
931267,INAPP
931274,EMAIL|INAPP
931333,INAPP
931410,INAPP
931430,EMAIL
931433,INAPP
931471,EMAIL
931617,EMAIL|INAPP
931679,EMAIL|INAPP
931708,INAPP
931740,INAPP
931755,EMAIL
931799,INAPP
931832,EMAIL
931869,INAPP
931888,INAPP
931891,INAPP
932057,EMAIL|INAPP
932114,EMAIL
932239,INAPP
932347,EMAIL|INAPP
932352,INAPP
932354,INAPP
932442,INAPP
932466,EMAIL
932610,EMAIL|INAPP
932657,EMAIL
932689,INAPP
932787,EMAIL
932795,EMAIL
932829,EMAIL|INAPP
932838,INAPP
932843,EMAIL
932902,EMAIL
933000,EMAIL
933071,EMAIL|INAPP
933150,EMAIL
933248,INAPP
933266,EMAIL|INAPP
933456,EMAIL
933466,EMAIL
933508,INAPP
933543,INAPP
933589,EMAIL|INAPP
933613,EMAIL
933664,INAPP
933669,EMAIL
933727,EMAIL|INAPP
933781,EMAIL
933787,INAPP
933809,INAPP
933837,INAPP
933889,INAPP
933892,EMAIL
933967,INAPP
934021,EMAIL|INAPP
934018,INAPP
934034,INAPP
934080,EMAIL
934073,EMAIL
934158,EMAIL
934175,EMAIL
934200,INAPP
934209,EMAIL
934279,INAPP
934381,EMAIL|INAPP
934444,INAPP
934489,INAPP
934574,EMAIL|INAPP
934668,EMAIL|INAPP
934720,EMAIL
934777,EMAIL|INAPP
935023,EMAIL|INAPP
935027,EMAIL
935084,EMAIL|INAPP
935094,EMAIL
935153,EMAIL|INAPP
