timestamp_ms,key,delta_ms
1775447936003,key-7,91
1775447936085,key-49,165
1775447936142,key-49,222
1775447936299,key-15,280
1775447936302,key-50,229
1775447936305,key-41,386
1775447936395,key-32,322
1775447936458,key-15,439
1775447936472,key-32,399
1775447936811,key-12,161
1775447936884,key-15,865
1775447936901,key-10,189
1775447936946,key-8,233
1775447936947,key-5,297
1775447937080,key-10,368
1775447937121,key-10,409
1775447937242,key-8,529
1775447937351,key-5,337
1775447937352,key-7,438
1775447937353,key-10,641
1775447937354,key-15,160
1775447937511,key-7,597
1775447937513,key-10,801
1775447937515,key-38,236
1775447937646,key-38,188
1775447937657,key-49,115
1775447937659,key-31,145
1775447937717,key-10,1005
1775447937753,key-50,156
1775447937761,key-30,903
1775447937916,key-43,374
1775447937966,key-5,952
1775447937967,key-18,111
1775447937973,key-30,1115
1775447938063,key-29,173
1775447938117,key-27,207
1775447938145,key-12,136
1775447938224,key-8,1511
1775447938301,key-48,116
1775447938308,key-34,138
1775447938357,key-49,602
1775447938358,key-34,188
1775447938365,key-4,509
1775447938366,key-12,357
1775447938367,key-12,358
1775447938391,key-30,1533
1775447938422,key-8,1709
1775447938438,key-48,253
1775447938443,key-12,434
1775447938546,key-4,137
1775447938562,key-4,153
1775447938581,key-46,228
1775447938635,key-34,465
1775447938638,key-13,146
1775447938659,key-4,250
1775447938678,key-6,84
1775447938714,key-11,221
1775447938763,key-40,269
1775447938792,key-13,300
1775447938795,key-13,303
1775447938825,key-26,321
1775447938840,key-13,348
1775447938907,key-9,1053
1775447938928,key-6,334
1775447938929,key-5,217
1775447938942,key-4,318
1775447938944,key-6,350
1775447938958,key-26,243
1775447938960,key-25,153
1775447938963,key-6,369
1775447938983,key-40,489
1775447938983,key-26,268
1775447938984,key-24,145
1775447939039,key-30,2181
1775447939044,key-27,83
1775447939046,key-13,554
1775447939052,key-27,91
1775447939069,key-27,108
1775447939079,key-28,98
1775447939091,key-44,220
1775447939103,key-24,264
1775447939120,key-21,616
1775447939149,key-6,555
1775447939166,key-6,572
1775447939176,key-24,337
1775447939201,key-28,126
1775447939206,key-40,213
1775447939235,key-44,364
1775447939235,key-41,3316
1775447939237,key-1,276
1775447939251,key-6,657
1775447939300,key-43,439
1775447939307,key-43,446
1775447939340,key-6,746
1775447939341,key-44,470
1775447939368,key-2,133
1775447939368,key-41,3449
1775447939368,key-37,202
1775447939372,key-21,868
1775447939403,key-6,809
1775447939417,key-11,159
1775447939433,key-1,472
1775447939474,key-34,864
1775447939485,key-11,227
1775447939565,key-37,399
1775447939655,key-39,186
1775447939684,key-39,215
1775447939700,key-6,1106
1775447939713,key-7,110
1775447939731,key-14,471
1775447939749,key-39,280
1775447939751,key-11,493
1775447939751,key-19,246
1775447939756,key-19,251
1775447939802,key-44,238
1775447939853,key-22,178
1775447939854,key-22,179
1775447939855,key-4,125
1775447939872,key-49,230
1775447939896,key-39,427
1775447939938,key-4,208
1775447939955,key-4,225
1775447939957,key-24,254
1775447939958,key-29,2068
1775447939978,key-19,473
1775447939980,key-47,176
1775447939982,key-13,117
1775447940007,key-4,110
1775447940065,key-17,204
1775447940082,key-6,106
1775447940083,key-24,380
1775447940146,key-25,575
1775447940164,key-4,267
1775447940165,key-20,156
1775447940197,key-6,221
1775447940222,key-19,717
1775447940237,key-29,2347
1775447940243,key-20,234
1775447940252,key-14,992
1775447940312,key-15,2568
1775447940314,key-38,710
1775447940329,key-4,432
1775447940354,key-11,269
1775447940364,key-19,859
1775447940365,key-21,217
1775447940366,key-4,469
1775447940389,key-8,364
1775447940402,key-15,2658
1775447940405,key-14,1145
1775447940423,key-4,526
1775447940427,key-27,1466
1775447940457,key-29,162
1775447940468,key-15,2724
1775447940470,key-3,160
1775447940471,key-41,115
1775447940491,key-4,594
1775447940492,key-26,1332
1775447940511,key-24,102
1775447940551,key-4,654
1775447940555,key-31,1693
1775447940565,key-8,540
1775447940567,key-4,74
1775447940598,key-33,84
1775447940618,key-4,125
1775447940623,key-2,749
1775447940634,key-43,150
1775447940650,key-15,2906
1775447940679,key-46,94
1775447940684,key-37,100
1775447940694,key-44,201
1775447940703,key-20,312
1775447940745,key-33,231
1775447940758,key-13,893
1775447940760,key-45,209
1775447940776,key-41,124
1775447940791,key-7,205
1775447940835,key-50,99
1775447940837,key-45,95
1775447940852,key-44,359
1775447940889,key-41,237
1775447940890,key-13,1025
1775447940901,key-41,249
1775447940922,key-7,336
1775447940934,key-41,282
1775447940936,key-14,424
1775447940948,key-7,75
1775447940949,key-28,1874
1775447940959,key-33,445
1775447940962,key-9,98
1775447940963,key-13,1098
1775447940973,key-6,997
1775447940995,key-25,341
1775447941010,key-41,358
1775447941015,key-10,143
1775447941015,key-48,130
1775447941057,key-7,184
1775447941084,key-50,211
1775447941091,key-9,227
1775447941091,key-4,351
1775447941103,key-33,589
1775447941132,key-49,1490
1775447941139,key-16,1279
1775447941140,key-40,131
1775447941161,key-9,60
1775447941162,key-11,101
1775447941187,key-5,64
1775447941198,key-20,807
1775447941218,key-14,706
1775447941219,key-21,96
1775447941246,key-50,373
1775447941298,key-33,180
1775447941302,key-9,201
1775447941305,key-3,114
1775447941309,key-3,118
1775447941324,key-27,479
1775447941332,key-25,149
1775447941338,key-5,111
1775447941356,key-14,844
1775447941356,key-50,483
1775447941356,key-3,165
1775447941378,key-15,837
1775447941404,key-9,189
1775447941415,key-27,570
1775447941416,key-40,126
1775447941428,key-6,171
1775447941436,key-7,150
1775447941459,key-18,115
1775447941460,key-5,233
1775447941470,key-16,213
1775447941485,key-27,640
1775447941503,key-5,276
1775447941504,key-35,907
1775447941523,key-27,678
1775447941524,key-18,132
1775447941559,key-27,714
1775447941560,key-16,303
1775447941579,key-14,255
1775447941580,key-14,256
1775447941614,key-18,222
1775447941640,key-40,350
1775447941655,key-22,228
1775447941665,key-11,604
1775447941667,key-12,137
1775447941677,key-49,2035
1775447941685,key-10,488
1775447941702,key-12,172
1775447941707,key-43,1223
1775447941741,key-2,1867
1775447941765,key-10,568
1775447941798,key-29,1503
1775447941813,key-28,224
1775447941815,key-28,226
1775447941839,key-20,235
1775447941845,key-49,2203
1775447941848,key-8,117
1775447941853,key-49,2211
1775447941861,key-24,114
1775447941864,key-8,133
1775447941875,key-43,1391
1775447941886,key-12,356
1775447941894,key-11,833
1775447941933,key-8,202
1775447941937,key-26,77
1775447941939,key-9,80
1775447941945,key-20,341
1775447941946,key-28,357
1775447941946,key-47,363
1775447941978,key-41,177
1775447941980,key-29,1685
1775447941988,key-27,165
1775447941999,key-20,395
1775447942001,key-29,1706
1775447942015,key-47,69
1775447942016,key-47,70
1775447942021,key-43,86
1775447942037,key-17,451
1775447942040,key-12,94
1775447942044,key-49,204
1775447942045,key-30,176
1775447942053,key-22,193
1775447942053,key-9,194
1775447942053,key-37,344
1775447942054,key-38,2450
1775447942054,key-24,307
1775447942062,key-16,805
1775447942068,key-4,754
1775447942093,key-18,122
1775447942094,key-47,148
1775447942096,key-47,150
1775447942126,key-30,181
1775447942126,key-38,2522
1775447942126,key-47,180
1775447942131,key-11,1070
1775447942136,key-37,113
1775447942154,key-47,208
1775447942155,key-18,184
1775447942157,key-27,334
1775447942178,key-7,111
1775447942181,key-29,1886
1775447942204,key-37,181
1775447942212,key-37,189
1775447942238,key-18,267
1775447942241,key-47,295
1775447942255,key-40,120
1775447942256,key-30,120
1775447942263,key-37,240
1775447942296,key-29,2001
1775447942309,key-12,363
1775447942310,key-12,364
1775447942313,key-20,68
1775447942329,key-47,383
1775447942336,key-49,496
1775447942360,key-30,224
1775447942361,key-40,226
1775447942364,key-11,1303
1775447942365,key-38,2761
1775447942366,key-41,201
1775447942372,key-20,127
1775447942384,key-30,248
1775447942396,key-28,133
1775447942398,key-29,2103
1775447942412,key-9,267
1775447942426,key-40,171
1775447942437,key-43,162
1775447942450,key-49,610
1775447942457,key-44,174
1775447942473,key-22,613
1775447942478,key-11,1417
1775447942480,key-12,534
1775447942499,key-26,122
1775447942511,key-7,116
1775447942516,key-43,241
1775447942527,key-18,556
1775447942543,key-12,597
1775447942568,key-43,293
1775447942572,key-9,427
1775447942587,key-46,1061
1775447942588,key-11,1527
1775447942597,key-46,1071
1775447942600,key-45,131
1775447942603,key-49,763
1775447942630,key-29,2335
1775447942644,key-49,804
1775447942647,key-29,2352
1775447942651,key-27,105
1775447942664,key-11,1603
1775447942683,key-31,109
1775447942690,key-18,719
1775447942691,key-7,296
1775447942701,key-34,127
1775447942703,key-7,308
1775447942729,key-9,584
1775447942731,key-4,55
1775447942735,key-9,590
1775447942737,key-15,551
1775447942747,key-34,173
1775447942747,key-38,199
1775447942749,key-29,2454
1775447942749,key-32,103
1775447942784,key-50,123
1775447942789,key-32,143
1775447942798,key-32,152
1775447942818,key-50,157
1775447942821,key-12,117
1775447942827,key-37,125
1775447942833,key-3,1247
1775447942834,key-3,1248
1775447942836,key-48,168
1775447942837,key-7,442
1775447942845,key-35,590
1775447942847,key-35,592
1775447942849,key-4,173
1775447942849,key-7,454
1775447942867,key-7,472
1775447942872,key-33,426
1775447942888,key-32,242
1775447942890,key-48,72
1775447942894,key-48,76
1775447942895,key-32,249
1775447942896,key-29,85
1775447942905,key-19,136
1775447942910,key-28,127
1775447942923,key-34,349
1775447942944,key-20,157
1775447942951,key-50,290
1775447942968,key-11,1907
1775447942973,key-37,271
1775447942976,key-42,621
1775447942996,key-15,810
1775447943008,key-17,120
1775447943017,key-32,371
1775447943019,key-33,573
1775447943019,key-28,154
1775447943027,key-28,162
1775447943037,key-46,137
1775447943038,key-46,138
1775447943040,key-9,118
1775447943042,key-33,596
1775447943043,key-48,178
1775447943056,key-4,156
1775447943066,key-22,106
1775447943105,key-49,109
1775447943106,key-30,970
1775447943113,key-9,159
1775447943119,key-45,116
1775447943125,key-34,551
1775447943130,key-17,242
1775447943136,key-32,490
1775447943151,key-32,505
1775447943155,key-33,709
1775447943170,key-48,305
1775447943173,key-49,177
1775447943179,key-5,858
1775447943218,key-19,158
1775447943220,key-20,142
1775447943247,key-22,107
1775447943260,key-44,713
1775447943295,key-13,203
1775447943305,key-33,859
1775447943316,key-17,77
1775447943317,key-22,177
1775447943318,key-50,185
1775447943326,key-17,172
1775447943330,key-33,884
1775447943334,key-19,274
1775447943341,key-30,1205
1775447943349,key-24,593
1775447943366,key-43,434
1775447943369,key-49,373
1775447943369,key-18,230
1775447943380,key-49,384
1775447943383,key-44,836
1775447943459,key-22,136
1775447943459,key-17,191
1775447943460,key-44,120
1775447943460,key-44,120
1775447943460,key-29,150
1775447943460,key-43,528
1775447943478,key-30,1342
1775447943499,key-44,159
1775447943510,key-29,200
1775447943510,key-10,921
1775447943561,key-22,162
1775447943562,key-46,69
1775447943564,key-33,1118
1775447943581,key-29,271
1775447943583,key-37,344
1775447943583,key-12,186
1775447943588,key-33,1142
1775447943596,key-17,117
1775447943603,key-25,144
1775447943603,key-22,204
1775447943614,key-19,135
1775447943615,key-39,136
1775447943615,key-7,127
1775447943618,key-43,121
1775447943620,key-47,290
1775447943624,key-49,164
1775447943646,key-39,167
1775447943661,key-24,115
1775447943666,key-21,62
1775447943701,key-47,371
1775447943737,key-19,258
1775447943739,key-26,73
1775447943744,key-47,414
1775447943745,key-43,189
1775447943754,key-29,163
1775447943761,key-19,282
1775447943762,key-39,283
1775447943773,key-10,1184
1775447943797,key-39,318
1775447943811,key-40,133
1775447943833,key-26,167
1775447943843,key-8,80
1775447943852,key-31,141
1775447943866,key-12,107
1775447943882,key-43,326
1775447943886,key-45,106
1775447943897,key-39,418
1775447943903,key-43,347
1775447943906,key-27,228
1775447943916,key-25,157
1775447943916,key-40,149
1775447943919,key-50,54
1775447943921,key-7,433
1775447943937,key-9,83
1775447943943,key-5,1622
1775447943952,key-9,53
1775447943953,key-33,1507
1775447943969,key-28,933
1775447943995,key-24,449
1775447943995,key-36,127
1775447943997,key-5,127
1775447944002,key-5,132
1775447944009,key-12,250
1775447944010,key-12,251
1775447944021,key-46,140
1775447944026,key-28,990
1775447944039,key-44,497
1775447944045,key-36,177
1775447944049,key-5,179
1775447944059,key-46,178
1775447944063,key-12,104
1775447944063,key-37,98
1775447944075,key-39,207
1775447944077,key-20,112
1775447944077,key-12,118
1775447944102,key-20,137
1775447944103,key-36,235
1775447944104,key-9,205
1775447944137,key-36,74
1775447944144,key-42,1126
1775447944144,key-12,185
1775447944152,key-12,193
1775447944156,key-39,288
1775447944161,key-36,98
1775447944161,key-28,99
1775447944168,key-9,269
1775447944176,key-21,519
1775447944209,key-38,540
1775447944225,key-42,160
1775447944226,key-11,437
1775447944245,key-46,123
1775447944247,key-41,378
1775447944248,key-20,283
1775447944255,key-36,121
1775447944264,key-13,129
1775447944284,key-8,114
1775447944286,key-15,417
1775447944302,key-39,168
1775447944314,key-13,179
1775447944315,key-12,356
1775447944316,key-46,194
1775447944316,key-39,182
1775447944337,key-13,202
1775447944364,key-20,154
1775447944365,key-32,1719
1775447944366,key-18,223
1775447944367,key-27,156
1775447944367,key-29,120
1775447944367,key-27,121
1775447944372,key-30,125
1775447944375,key-33,89
1775447944376,key-8,130
1775447944376,key-20,166
1775447944376,key-27,130
1775447944376,key-2,116
1775447944378,key-20,168
1775447944381,key-42,316
1775447944389,key-19,910
1775447944392,key-14,56
1775447944417,key-20,207
1775447944426,key-35,161
1775447944426,key-4,119
1775447944434,key-24,120
1775447944440,key-13,305
1775447944448,key-46,132
1775447944453,key-35,188
1775447944461,key-27,215
1775447944465,key-20,149
1775447944482,key-21,108
1775447944491,key-21,112
1775447944495,key-27,249
1775447944499,key-44,385
1775447944499,key-14,163
1775447944506,key-39,81
1775447944512,key-18,369
1775447944514,key-14,178
1775447944527,key-42,462
1775447944533,key-28,118
1775447944541,key-43,985
1775447944561,key-46,166
1775447944563,key-21,184
1775447944578,key-20,262
1775447944585,key-3,140
1775447944588,key-29,341
1775447944593,key-20,277
1775447944623,key-27,377
1775447944623,key-21,244
1775447944632,key-29,385
1775447944636,key-9,737
1775447944648,key-20,332
1775447944659,key-18,104
1775447944669,key-46,152
1775447944687,key-17,121
1775447944707,key-49,720
1775447944709,key-17,143
1775447944710,key-17,144
1775447944711,key-42,226
1775447944722,key-3,277
1775447944731,key-21,90
1775447944740,key-45,960
1775447944745,key-18,190
1775447944751,key-29,504
1775447944754,key-24,109
1775447944765,key-25,153
1775447944775,key-18,220
1775447944775,key-17,209
1775447944782,key-49,795
1775447944789,key-19,1310
1775447944808,key-1,61
1775447944817,key-2,69
1775447944828,key-37,152
1775447944829,key-41,66
1775447944836,key-9,184
1775447944841,key-1,94
1775447944841,key-24,94
1775447944842,key-1,95
1775447944843,key-9,191
1775447944874,key-42,389
1775447944884,key-2,107
1775447944893,key-35,468
1775447944904,key-28,127
1775447944925,key-17,109
1775447944925,key-41,162
1775447944930,key-40,384
1775447944951,key-6,1190
1775447944955,key-44,91
1775447944961,key-1,214
1775447944965,key-9,313
1775447944966,key-24,219
1775447944969,key-14,90
1775447944997,key-46,144
1775447945000,key-18,445
1775447945021,key-8,510
1775447945023,key-41,151
1775447945035,key-3,70
1775447945040,key-40,120
1775447945057,key-26,183
1775447945057,key-11,120
1775447945058,key-3,93
1775447945058,key-43,1502
1775447945069,key-3,117
1775447945091,key-33,130
1775447945102,key-29,855
1775447945105,key-16,109
1775447945107,key-23,64
1775447945108,key-24,361
1775447945110,key-16,114
1775447945126,key-17,310
1775447945128,key-39,132
1775447945138,key-2,352
1775447945141,key-11,204
1775447945141,key-43,1585
1775447945147,key-4,145
1775447945147,key-3,182
1775447945159,key-46,71
1775447945174,key-27,428
1775447945200,key-31,63
1775447945200,key-9,157
1775447945200,key-33,123
1775447945204,key-6,1443
1775447945205,key-11,268
1775447945208,key-9,165
1775447945211,key-47,116
1775447945234,key-24,487
1775447945238,key-11,301
1775447945243,key-5,155
1775447945270,key-47,175
1775447945270,key-3,305
1775447945287,key-5,199
1775447945287,key-46,199
1775447945289,key-16,293
1775447945291,key-3,326
1775447945308,key-49,1321
1775447945311,key-26,167
1775447945320,key-30,160
1775447945321,key-30,161
1775447945328,key-31,153
1775447945358,key-3,393
1775447945376,key-9,154
1775447945381,key-9,159
1775447945399,key-19,101
1775447945402,key-40,139
1775447945414,key-25,141
1775447945417,key-10,72
1775447945418,key-19,120
1775447945428,key-21,161
1775447945430,key-26,286
1775447945445,key-18,416
1775447945445,key-40,182
1775447945446,key-31,182
1775447945466,key-10,121
1775447945469,key-16,140
1775447945485,key-23,157
1775447945490,key-16,161
1775447945492,key-33,141
1775447945497,key-23,169
1775447945514,key-40,136
1775447945519,key-11,95
1775447945519,key-29,55
1775447945523,key-12,124
1775447945530,key-49,184
1775447945532,key-25,98
1775447945535,key-22,142
1775447945559,key-50,1219
1775447945573,key-8,106
1775447945584,key-32,134
1775447945584,key-10,239
1775447945595,key-32,145
1775447945604,key-24,159
1775447945616,key-21,149
1775447945636,key-2,125
1775447945637,key-13,119
1775447945642,key-2,131
1775447945651,key-31,86
1775447945660,key-16,148
1775447945664,key-47,569
1775447945668,key-32,218
1775447945681,key-24,236
1775447945684,key-24,93
1775447945690,key-11,266
1775447945701,key-10,208
1775447945712,key-47,55
1775447945715,key-6,158
1775447945732,key-32,63
1775447945739,key-17,247
1775447945754,key-20,161
1775447945755,key-50,1415
1775447945756,key-5,145
1775447945764,key-26,620
1775447945768,key-31,203
1775447945773,key-11,349
1775447945795,key-10,184
1775447945797,key-18,147
1775447945801,key-25,367
1775447945801,key-6,116
1775447945806,key-15,729
1775447945807,key-24,216
1775447945815,key-21,109
1775447945832,key-21,126
1775447945835,key-30,324
1775447945845,key-15,768
1775447945849,key-31,102
1775447945855,key-20,142
1775447945869,key-37,113
1775447945876,key-48,710
1775447945877,key-37,121
1775447945888,key-3,191
1775447945890,key-24,132
1775447945900,key-35,146
1775447945908,key-32,166
1775447945910,key-5,299
1775447945918,key-31,171
1775447945920,key-30,409
1775447945921,key-37,165
1775447945922,key-24,164
1775447945929,key-25,495
1775447945968,key-6,283
1775447945977,key-7,140
1775447945989,key-37,120
1775447945992,key-25,558
1775447946004,key-3,105
1775447946020,key-25,586
1775447946027,key-46,199
1775447946033,key-48,867
1775447946034,key-3,135
1775447946047,key-5,190
1775447946054,key-19,138
1775447946057,key-30,545
1775447946058,key-13,540
1775447946067,key-31,320
1775447946071,key-45,2291
1775447946107,key-49,117
1775447946127,key-2,443
1775447946134,key-28,115
1775447946134,key-31,387
1775447946144,key-44,364
1775447946147,key-38,1142
1775447946156,key-29,62
1775447946164,key-43,118
1775447946176,key-37,307
1775447946191,key-27,132
1775447946197,key-31,146
1775447946207,key-7,370
1775447946208,key-29,114
1775447946219,key-19,303
1775447946233,key-47,66
1775447946239,key-31,188
1775447946255,key-31,204
1775447946259,key-31,208
1775447946266,key-47,99
1775447946271,key-10,187
1775447946283,key-9,134
1775447946295,key-1,141
1775447946310,key-14,145
1775447946314,key-35,182
1775447946315,key-23,61
1775447946322,key-34,88
1775447946325,key-28,60
1775447946333,key-45,2553
1775447946358,key-12,376
1775447946359,key-46,531
1775447946383,key-41,123
1775447946400,key-47,172
1775447946412,key-23,158
1775447946414,key-45,2634
1775447946427,key-50,82
1775447946435,key-47,207
1775447946449,key-9,175
1775447946458,key-2,140
1775447946469,key-26,158
1775447946471,key-46,643
1775447946482,key-45,155
1775447946488,key-37,619
1775447946501,key-3,438
1775447946501,key-50,156
1775447946508,key-47,86
1775447946520,key-6,352
1775447946536,key-34,164
1775447946542,key-10,72
1775447946558,key-26,99
1775447946567,key-1,173
1775447946586,key-47,164
1775447946593,key-50,248
1775447946605,key-45,278
1775447946616,key-11,542
1775447946618,key-34,246
1775447946621,key-41,194
1775447946631,key-22,121
1775447946634,key-17,224
1775447946640,key-46,812
1775447946642,key-34,270
1775447946651,key-18,90
1775447946652,key-47,230
1775447946659,key-2,113
1775447946673,key-18,112
1775447946712,key-5,193
1775447946713,key-50,62
1775447946719,key-50,68
1775447946720,key-4,261
1775447946730,key-22,220
1775447946747,key-34,375
1775447946756,key-20,185
1775447946770,key-47,348
1775447946784,key-22,274
1775447946790,key-24,372
1775447946816,key-22,306
1775447946826,key-39,159
1775447946832,key-20,261
1775447946847,key-18,168
1775447946848,key-47,426
1775447946860,key-17,187
1775447946862,key-50,211
1775447946863,key-12,117
1775447946866,key-9,592
1775447946875,key-36,164
1775447946880,key-47,458
1775447946884,key-42,747
1775447946889,key-20,63
1775447946891,key-34,212
1775447946898,key-14,125
1775447946919,key-22,409
1775447946923,key-24,505
1775447946943,key-20,117
1775447946944,key-20,81
1775447946950,key-20,124
1775447946952,key-36,165
1775447946955,key-9,681
1775447946969,key-40,116
1775447946981,key-31,226
1775447946984,key-13,194
1775447947014,key-36,151
1775447947029,key-20,166
1775447947030,key-28,96
1775447947042,key-9,768
1775447947043,key-44,676
1775447947043,key-20,180
1775447947044,key-14,271
1775447947046,key-12,300
1775447947047,key-5,184
1775447947049,key-36,186
1775447947077,key-27,159
1775447947094,key-24,676
1775447947096,key-34,417
1775447947098,key-4,159
1775447947123,key-35,70
1775447947123,key-30,57
1775447947131,key-36,268
1775447947132,key-7,77
1775447947149,key-23,210
1775447947150,key-4,120
1775447947150,key-21,253
1775447947175,key-14,402
1775447947177,key-7,122
1775447947182,key-47,760
1775447947188,key-1,122
1775447947197,key-20,334
1775447947201,key-7,146
1775447947201,key-7,146
1775447947237,key-12,118
1775447947239,key-30,173
1775447947247,key-38,137
1775447947249,key-27,331
1775447947250,key-38,140
1775447947250,key-1,99
1775447947254,key-43,116
1775447947254,key-34,187
1775447947256,key-16,151
1775447947257,key-6,384
1775447947268,key-7,213
1775447947292,key-19,249
1775447947294,key-12,175
1775447947294,key-13,83
1775447947300,key-15,272
1775447947300,key-1,149
1775447947309,key-34,242
1775447947331,key-14,558
1775447947332,key-7,277
1775447947343,key-43,112
1775447947361,key-35,308
1775447947369,key-1,218
1775447947371,key-25,140
1775447947372,key-46,193
1775447947384,key-15,356
1775447947393,key-37,472
1775447947398,key-39,356
1775447947416,key-22,361
1775447947419,key-7,364
1775447947435,key-41,635
1775447947437,key-30,106
1775447947441,key-1,290
1775447947445,key-36,347
1775447947450,key-14,102
1775447947452,key-44,120
1775447947454,key-13,243
1775447947464,key-28,419
1775447947476,key-14,128
1775447947511,key-48,69
1775447947523,key-45,117
1775447947527,key-12,113
1775447947541,key-44,209
1775447947543,key-13,332
1775447947555,key-10,118
1775447947557,key-14,209
1775447947568,key-45,127
1775447947570,key-36,472
1775447947580,key-12,166
1775447947580,key-7,525
1775447947582,key-14,234
1775447947593,key-41,793
1775447947608,key-41,808
1775447947612,key-13,69
1775447947622,key-45,129
1775447947634,key-12,220
1775447947672,key-5,177
1775447947688,key-48,93
1775447947689,key-12,275
1775447947693,key-29,57
1775447947719,key-30,123
1775447947720,key-7,665
1775447947732,key-49,72
1775447947733,key-16,475
1775447947739,key-20,106
1775447947747,key-7,100
1775447947753,key-48,158
1775447947756,key-7,109
1775447947758,key-41,958
1775447947765,key-35,128
1775447947767,key-20,134
1775447947774,key-32,126
1775447947776,key-47,445
1775447947776,key-42,116
1775447947782,key-5,287
1775447947786,key-2,541
1775447947787,key-37,108
1775447947809,key-48,134
1775447947820,key-35,183
1775447947821,key-47,490
1775447947822,key-20,189
1775447947833,key-20,61
1775447947837,key-21,136
1775447947841,key-12,190
1775447947845,key-48,170
1775447947847,key-46,173
1775447947849,key-26,215
1775447947860,key-27,329
1775447947870,key-24,136
1775447947890,key-7,243
1775447947891,key-31,1136
1775447947895,key-48,220
1775447947897,key-48,222
1775447947899,key-39,406
1775447947905,key-4,150
1775447947911,key-33,318
1775447947912,key-21,144
1775447947926,key-35,289
1775447947945,key-41,55
1775447947945,key-27,414
1775447947946,key-44,138
1775447947946,key-32,298
1775447947950,key-44,142
1775447947965,key-31,1210
1775447947972,key-48,297
1775447947972,key-48,297
1775447947974,key-43,84
1775447947997,key-24,263
1775447947997,key-19,131
1775447948012,key-31,1257
1775447948017,key-41,127
1775447948023,key-7,376
1775447948030,key-20,174
1775447948041,key-48,366
1775447948045,key-38,73
1775447948055,key-33,90
1775447948055,key-31,1300
1775447948071,key-33,121
1775447948073,key-41,183
1775447948075,key-31,1320
1775447948086,key-43,79
1775447948086,key-7,439
1775447948094,key-44,286
1775447948099,key-43,209
1775447948103,key-26,469
1775447948105,key-19,171
1775447948106,key-48,431
1775447948118,key-16,111
1775447948135,key-21,367
1775447948137,key-44,102
1775447948138,key-44,103
1775447948144,key-24,410
1775447948145,key-43,138
1775447948145,key-32,497
1775447948148,key-19,129
1775447948151,key-6,144
1775447948163,key-41,186
1775447948169,key-33,204
1775447948188,key-4,66
1775447948197,key-48,522
1775447948201,key-3,311
1775447948208,key-20,352
1775447948213,key-44,76
1775447948220,key-16,213
1775447948222,key-17,76
1775447948223,key-44,86
1775447948227,key-43,220
1775447948237,key-1,82
1775447948238,key-44,101
1775447948243,key-1,88
1775447948291,key-32,643
1775447948294,key-29,658
1775447948304,key-16,68
1775447948318,key-17,172
1775447948320,key-49,128
1775447948324,key-3,434
1775447948345,key-2,1100
1775447948346,key-21,124
1775447948346,key-44,209
1775447948347,key-38,111
1775447948378,key-11,972
1775447948392,key-17,246
1775447948395,key-49,203
1775447948395,key-21,173
1775447948396,key-45,252
1775447948400,key-18,439
1775447948410,key-8,105
1775447948413,key-43,406
1775447948422,key-12,771
1775447948443,key-16,143
1775447948443,key-39,214
1775447948446,key-34,97
1775447948460,key-8,155
1775447948464,key-9,159
1775447948465,key-20,609
1775447948470,key-46,57
1775447948484,key-33,91
1775447948485,key-19,136
1775447948490,key-38,254
1775447948493,key-2,62
1775447948507,key-32,859
1775447948516,key-8,211
1775447948535,key-50,676
1775447948537,key-12,886
1775447948538,key-15,773
1775447948544,key-49,126
1775447948561,key-2,130
1775447948565,key-16,265
1775447948569,key-49,151
1775447948580,key-40,130
1775447948586,key-46,173
1775447948600,key-9,167
1775447948609,key-34,135
1775447948614,key-40,164
1775447948618,key-16,318
1775447948625,key-47,334
1775447948632,key-41,88
1775447948636,key-22,99
1775447948637,key-41,54
1775447948640,key-2,209
1775447948642,key-22,105
1775447948660,key-41,116
1775447948676,key-16,376
1775447948694,key-1,278
1775447948708,key-49,230
1775447948718,key-49,240
1775447948723,key-13,179
1775447948725,key-31,64
1775447948725,key-14,156
1775447948728,key-47,437
1775447948731,key-9,298
1775447948747,key-46,334
1775447948775,key-37,542
1775447948783,key-33,64
1775447948792,key-20,103
1775447948804,key-3,423
1775447948804,key-20,115
1775447948808,key-9,114
1775447948818,key-18,113
1775447948822,key-48,86
1775447948825,key-46,153
1775447948831,key-17,256
1775447948831,key-9,123
1775447948838,key-48,109
1775447948843,key-48,114
1775447948846,key-13,302
1775447948853,key-49,375
1775447948857,key-47,566
1775447948860,key-48,124
1775447948863,key-23,254
1775447948868,key-46,196
1775447948881,key-1,465
1775447948897,key-13,353
1775447948899,key-9,191
1775447948914,key-27,187
1775447948919,key-3,538
1775447948921,key-47,630
1775447948928,key-26,1294
1775447948943,key-15,110
1775447948952,key-48,216
1775447948977,key-38,184
1775447948980,key-49,502
1775447948982,key-15,149
1775447948987,key-19,135
1775447949000,key-19,148
1775447949001,key-15,168
1775447949002,key-49,524
1775447949003,key-23,159
1775447949016,key-47,725
1775447949042,key-25,146
1775447949044,key-47,95
1775447949053,key-48,317
1775447949055,key-13,154
1775447949080,key-35,1443
1775447949082,key-13,181
1775447949085,key-50,63
1775447949100,key-39,139
1775447949110,key-41,150
1775447949116,key-48,380
1775447949117,key-33,188
1775447949137,key-6,188
1775447949137,key-5,314
1775447949146,key-16,115
1775447949149,key-16,118
1775447949149,key-42,251
1775447949160,key-29,1524
1775447949162,key-22,81
1775447949164,key-19,312
1775447949169,key-2,105
1775447949172,key-39,165
1775447949173,key-15,340
1775447949174,key-50,152
1775447949199,key-38,132
1775447949211,key-44,71
1775447949212,key-16,181
1775447949216,key-5,393
1775447949220,key-19,113
1775447949224,key-7,114
1775447949226,key-35,135
1775447949231,key-7,121
1775447949234,key-39,227
1775447949237,key-35,146
1775447949237,key-25,341
1775447949239,key-16,208
1775447949245,key-28,673
1775447949256,key-30,91
1775447949284,key-32,538
1775447949289,key-42,108
1775447949289,key-14,129
1775447949290,key-19,64
1775447949294,key-35,203
1775447949294,key-42,113
1775447949298,key-7,188
1775447949304,key-27,144
1775447949321,key-16,290
1775447949335,key-39,133
1775447949344,key-46,182
1775447949351,key-3,169
1775447949373,key-35,282
1775447949375,key-39,173
1775447949377,key-49,899
1775447949378,key-18,394
1775447949389,key-36,131
1775447949402,key-20,134
1775447949403,key-22,322
1775447949406,key-30,241
1775447949476,key-47,527
1775447949477,key-27,317
1775447949478,key-19,252
1775447949482,key-20,214
1775447949483,key-14,143
1775447949485,key-35,394
1775447949486,key-50,218
1775447949537,key-39,335
1775447949538,key-13,637
1775447949541,key-39,339
1775447949544,key-16,122
1775447949548,key-26,160
1775447949551,key-38,98
1775447949551,key-20,67
1775447949553,key-43,58
1775447949569,key-43,74
1775447949582,key-19,99
1775447949590,key-16,168
1775447949592,key-18,229
1775447949596,key-19,113
1775447949600,key-20,116
1775447949605,key-26,217
1775447949606,key-28,115
1775447949618,key-20,111
1775447949620,key-28,129
1775447949629,key-35,137
1775447949630,key-16,208
1775447949636,key-40,107
1775447949643,key-43,148
1775447949644,key-14,304
1775447949649,key-6,69
1775447949658,key-39,176
1775447949662,key-16,240
1775447949667,key-43,172
1775447949684,key-20,177
1775447949701,key-40,172
1775447949709,key-10,144
1775447949727,key-10,77
1775447949733,key-12,314
1775447949785,key-28,294
1775447949815,key-18,244
1775447949825,key-28,334
1775447949826,key-40,297
1775447949827,key-14,487
1775447949827,key-6,247
1775447949829,key-19,242
1775447949830,key-9,150
1775447949857,key-28,366
1775447949880,key-43,184
1775447949903,key-26,79
1775447949904,key-26,201
1775447949906,key-1,335
1775447949923,key-48,390
1775447949927,key-6,347
1775447949933,key-15,732
1775447949933,key-26,109
1775447949934,key-6,354
1775447949954,key-43,92
1775447949961,key-7,111
1775447949964,key-28,141
1775447949983,key-8,492
1775447949985,key-25,160
1775447949991,key-43,129
1775447949991,key-18,122
1775447949992,key-20,70
1775447950032,key-30,208
1775447950039,key-34,1565
1775447950046,key-44,169
1775447950055,key-6,475
1775447950064,key-48,130
1775447950085,key-22,405
1775447950093,key-48,159
1775447950105,key-44,228
1775447950108,key-29,203
1775447950111,key-35,619
1775447950115,key-6,535
1775447950116,key-42,403
1775447950125,key-7,275
1775447950143,key-15,942
1775447950165,key-12,746
1775447950168,key-25,343
1775447950181,key-11,1344
1775447950181,key-30,357
1775447950182,key-22,196
1775447950184,key-18,315
1775447950194,key-10,58
1775447950199,key-31,72
1775447950208,key-49,72
1775447950209,key-4,340
1775447950225,key-31,98
1775447950229,key-25,404
1775447950232,key-11,63
1775447950234,key-35,742
1775447950239,key-22,94
1775447950241,key-22,96
1775447950257,key-46,1095
1775447950257,key-1,686
1775447950267,key-37,122
1775447950275,key-49,139
1775447950281,key-20,125
1775447950283,key-18,138
1775447950284,key-30,131
1775447950284,key-12,148
1775447950298,key-30,145
1775447950300,key-36,481
1775447950305,key-4,436
1775447950308,key-7,458
1775447950318,key-20,162
1775447950323,key-4,54
1775447950332,key-3,1003
1775447950335,key-41,180
1775447950342,key-13,654
1775447950372,key-30,219
1775447950377,key-30,224
1775447950379,key-41,224
1775447950387,key-11,176
1775447950389,key-18,244
1775447950401,key-7,551
1775447950401,key-6,231
1775447950403,key-24,63
1775447950407,key-46,1245
1775447950419,key-7,569
1775447950423,key-4,154
1775447950427,key-30,274
1775447950428,key-37,283
1775447950463,key-30,310
1775447950480,key-7,630
1775447950505,key-12,236
1775447950546,key-2,395
1775447950547,key-12,79
1775447950547,key-5,81
1775447950549,key-28,726
1775447950557,key-7,707
1775447950567,key-17,100
1775447950571,key-11,360
1775447950572,key-6,402
1775447950576,key-11,365
1775447950583,key-41,428
1775447950583,key-5,117
1775447950615,key-43,66
1775447950617,key-21,1553
1775447950618,key-28,795
1775447950619,key-50,155
1775447950625,key-18,89
1775447950633,key-18,97
1775447950639,key-6,469
1775447950660,key-28,837
1775447950667,key-23,131
1775447950670,key-7,820
1775447950670,key-43,121
1775447950680,key-28,857
1775447950694,key-9,151
1775447950697,key-17,230
1775447950700,key-8,238
1775447950711,key-18,129
1775447950712,key-13,1024
1775447950714,key-25,136
1775447950743,key-37,266
1775447950749,key-30,78
1775447950751,key-28,928
1775447950752,key-21,133
1775447950753,key-50,143
1775447950764,key-43,215
1775447950767,key-5,301
1775447950768,key-14,659
1775447950785,key-7,935
1775447950801,key-35,301
1775447950804,key-28,981
1775447950815,key-47,157
1775447950827,key-33,70
1775447950842,key-23,306
1775447950857,key-33,706
1775447950871,key-8,409
1775447950877,key-8,415
1775447950884,key-42,89
1775447950888,key-2,737
1775447950892,key-22,166
1775447950893,key-33,136
1775447950894,key-14,131
1775447950899,key-19,131
1775447950908,key-20,113
1775447950908,key-30,237
1775447950918,key-5,452
1775447950918,key-35,418
1775447950928,key-27,65
1775447950940,key-13,128
1775447950942,key-10,126
1775447950950,key-23,414
1775447950951,key-19,183
1775447950967,key-39,153
1775447950969,key-31,96
1775447950974,key-31,101
1775447950991,key-42,196
1775447950994,key-2,843
1775447951003,key-33,246
1775447951011,key-20,83
1775447951011,key-5,110
1775447951011,key-44,138
1775447951015,key-8,553
1775447951026,key-27,163
1775447951032,key-13,220
1775447951049,key-19,281
1775447951084,key-23,146
1775447951094,key-20,166
1775447951096,key-23,158
1775447951098,key-23,160
1775447951112,key-2,961
1775447951114,key-23,176
1775447951118,key-41,963
1775447951119,key-35,87
1775447951127,key-49,154
1775447951129,key-19,361
1775447951130,key-29,149
1775447951130,key-4,122
1775447951134,key-2,112
1775447951146,key-30,123
1775447951154,key-2,132
1775447951170,key-48,708
1775447951175,key-3,136
1775447951175,key-36,1356
1775447951176,key-20,248
1775447951178,key-11,287
1775447951181,key-2,105
1775447951182,key-27,319
1775447951203,key-4,195
1775447951203,key-40,89
1775447951204,key-30,181
1775447951211,key-1,1640
1775447951212,key-43,112
1775447951213,key-23,275
1775447951224,key-45,124
1775447951239,key-35,207
1775447951243,key-6,108
1775447951243,key-43,143
1775447951263,key-38,140
1775447951263,key-23,325
1775447951267,key-40,153
1775447951267,key-8,805
1775447951274,key-49,301
1775447951281,key-4,129
1775447951281,key-48,819
1775447951286,key-50,150
1775447951300,key-4,148
1775447951301,key-10,143
1775447951302,key-40,126
1775447951304,key-40,128
1775447951307,key-6,172
1775447951309,key-45,123
1775447951318,key-24,235
1775447951330,key-18,748
1775447951335,key-27,199
1775447951344,key-34,532
1775447951345,key-11,120
1775447951357,key-4,205
1775447951360,key-28,451
1775447951375,key-25,362
1775447951388,key-40,212
1775447951396,key-45,210
1775447951403,key-48,941
1775447951409,key-35,377
1775447951411,key-50,210
1775447951412,key-35,61
1775447951437,key-4,285
1775447951449,key-24,112
1775447951454,key-22,186
1775447951455,key-6,320
1775447951457,key-11,232
1775447951463,key-46,123
1775447951475,key-4,323
1775447951476,key-50,275
1775447951483,key-48,1021
1775447951502,key-46,162
1775447951504,key-45,318
1775447951507,key-16,104
1775447951509,key-32,132
1775447951524,key-4,372
1775447951536,key-45,350
1775447951537,key-26,272
1775447951541,key-25,128
1775447951550,key-4,398
1775447951559,key-4,407
1775447951572,key-16,106
1775447951581,key-11,356
1775447951582,key-24,245
1775447951588,key-35,237
1775447951593,key-25,180
1775447951605,key-30,582
1775447951614,key-39,60
1775447951615,key-27,99
1775447951630,key-16,164
1775447951643,key-16,177
1775447951672,key-4,520
1775447951672,key-34,160
1775447951673,key-15,59
1775447951674,key-14,218
1775447951676,key-15,62
1775447951693,key-4,541
1775447951720,key-16,254
1775447951730,key-39,154
1775447951749,key-38,473
1775447951760,key-4,608
1775447951769,key-27,182
1775447951792,key-38,516
1775447951822,key-4,85
1775447951831,key-22,92
1775447951835,key-17,1368
1775447951873,key-46,62
1775447951887,key-25,130
1775447951924,key-38,648
1775447951926,key-23,120
1775447951945,key-12,1162
1775447951949,key-14,60
1775447951955,key-38,111
1775447951963,key-38,119
1775447951978,key-3,122
1775447951978,key-35,129
1775447951986,key-5,203
1775447951987,key-3,131
1775447951994,key-19,86
1775447952005,key-43,165
1775447952020,key-9,68
1775447952038,key-14,149
1775447952045,key-47,178
1775447952046,key-15,432
1775447952066,key-18,109
1775447952067,key-13,348
1775447952082,key-35,233
1775447952096,key-38,252
1775447952109,key-18,152
1775447952123,key-15,509
1775447952128,key-3,272
1775447952129,key-22,390
1775447952135,key-18,178
1775447952144,key-38,300
1775447952149,key-33,671
1775447952164,key-9,212
1775447952207,key-15,93
1775447952230,key-23,146
1775447952238,key-33,760
1775447952245,key-18,288
1775447952270,key-14,381
1775447952271,key-14,382
1775447952271,key-3,415
1775447952273,key-42,419
1775447952276,key-30,212
1775447952282,key-38,134
1775447952309,key-5,203
1775447952317,key-3,461
1775447952318,key-38,170
1775447952320,key-13,136
1775447952322,key-33,844
1775447952323,key-33,845
1775447952346,key-20,427
1775447952348,key-12,76
1775447952364,key-11,222
1775447952374,key-9,422
1775447952399,key-24,129
1775447952400,key-10,227
1775447952400,key-14,83
1775447952402,key-14,513
1775447952417,key-10,91
1775447952419,key-38,271
1775447952419,key-15,142
1775447952428,key-36,547
1775447952433,key-22,110
1775447952433,key-13,249
1775447952447,key-36,566
1775447952450,key-19,106
1775447952451,key-1,159
1775447952472,key-42,172
1775447952478,key-14,161
1775447952480,key-24,146
1775447952488,key-2,86
1775447952492,key-44,1068
1775447952500,key-35,131
1775447952506,key-41,330
1775447952525,key-27,163
1775447952540,key-9,588
1775447952540,key-41,67
1775447952540,key-38,392
1775447952544,key-43,175
1775447952546,key-25,319
1775447952561,key-9,92
1775447952578,key-20,63
1775447952592,key-9,123
1775447952607,key-9,138
1775447952610,key-41,137
1775447952611,key-11,179
1775447952632,key-38,62
1775447952646,key-45,1044
1775447952651,key-20,57
1775447952660,key-2,258
1775447952666,key-25,439
1775447952667,key-9,198
1775447952680,key-27,318
1775447952701,key-9,232
1775447952705,key-6,138
1775447952708,key-20,114
1775447952714,key-20,120
1775447952719,key-29,155
1775447952719,key-24,170
1775447952733,key-9,264
1775447952737,key-37,467
1775447952744,key-48,124
1775447952748,key-22,425
1775447952753,key-9,284
1775447952774,key-39,200
1775447952775,key-18,492
1775447952780,key-34,1105
1775447952793,key-20,199
1775447952798,key-7,75
1775447952799,key-30,153
1775447952820,key-40,1268
1775447952833,key-9,364
1775447952837,key-36,141
1775447952848,key-39,153
1775447952851,key-37,581
1775447952866,key-24,132
1775447952868,key-12,132
1775447952870,key-50,92
1775447952876,key-39,181
1775447952880,key-37,610
1775447952894,key-9,425
1775447952900,key-25,673
1775447952917,key-13,161
1775447952919,key-22,123
1775447952925,key-49,609
1775447952926,key-39,231
1775447952932,key-18,649
1775447952953,key-37,76
1775447952954,key-9,485
1775447952974,key-39,104
1775447952975,key-6,122
1775447952981,key-36,285
1775447953001,key-18,132
1775447953003,key-22,207
1775447953006,key-45,104
1775447953021,key-6,92
1775447953026,key-15,98
1775447953031,key-25,804
1775447953039,key-16,118
1775447953040,key-6,111
1775447953055,key-13,132
1775447953056,key-44,486
1775447953065,key-37,188
1775447953066,key-35,697
1775447953073,key-9,604
1775447953073,key-12,105
1775447953092,key-38,131
1775447953104,key-17,139
1775447953105,key-25,878
1775447953106,key-2,493
1775447953110,key-44,540
1775447953128,key-7,405
1775447953130,key-36,69
1775447953141,key-22,345
1775447953143,key-6,214
1775447953147,key-18,278
1775447953180,key-13,108
1775447953180,key-34,119
1775447953183,key-9,77
1775447953184,key-9,78
1775447953185,key-5,1079
1775447953202,key-13,130
1775447953210,key-35,841
1775447953210,key-30,564
1775447953215,key-35,846
1775447953216,key-9,110
1775447953216,key-3,193
1775447953224,key-27,488
1775447953234,key-17,269
1775447953240,key-20,113
1775447953242,key-1,189
1775447953249,key-43,156
1775447953260,key-18,391
1775447953262,key-38,301
1775447953279,key-22,483
1775447953283,key-19,138
1775447953284,key-18,76
1775447953286,key-9,180
1775447953294,key-14,86
1775447953307,key-20,180
1775447953310,key-3,64
1775447953318,key-9,212
1775447953328,key-7,139
1775447953330,key-20,203
1775447953331,key-27,595
1775447953340,key-29,776
1775447953343,key-34,175
1775447953348,key-26,155
1775447953356,key-43,263
1775447953371,key-12,62
1775447953373,key-19,228
1775447953378,key-38,417
1775447953379,key-18,171
1775447953379,key-12,70
1775447953382,key-9,276
1775447953384,key-24,285
1775447953397,key-29,833
1775447953411,key-34,243
1775447953427,key-20,69
1775447953429,key-3,183
1775447953443,key-34,275
1775447953468,key-30,181
1775447953476,key-20,118
1775447953497,key-18,289
1775447953506,key-5,120
1775447953507,key-47,120
1775447953507,key-12,198
1775447953517,key-46,154
1775447953519,key-18,311
1775447953520,key-19,128
1775447953550,key-20,192
1775447953551,key-24,159
1775447953551,key-18,343
1775447953577,key-34,129
1775447953585,key-3,339
1775447953600,key-34,152
1775447953601,key-22,59
1775447953631,key-7,177
1775447953634,key-9,181
1775447953638,key-5,83
1775447953650,key-22,108
1775447953654,key-36,81
1775447953655,key-18,447
1775447953655,key-18,447
1775447953657,key-19,265
1775447953668,key-34,220
1775447953678,key-46,241
1775447953681,key-40,244
1775447953687,key-39,649
1775447953696,key-17,217
1775447953697,key-7,243
1775447953713,key-41,140
1775447953725,key-3,479
1775447953740,key-19,125
1775447953741,key-34,293
1775447953746,key-47,80
1775447953752,key-38,344
1775447953761,key-22,219
1775447953762,key-7,308
1775447953766,key-16,845
1775447953777,key-3,77
1775447953797,key-18,141
1775447953801,key-36,228
1775447953806,key-45,492
1775447953814,key-34,129
1775447953821,key-38,413
1775447953825,key-38,417
1775447953832,key-46,395
1775447953840,key-25,101
1775447953860,key-30,147
1775447953869,key-15,670
1775447953872,key-21,159
1775447953874,key-18,120
1775447953884,key-21,171
1775447953891,key-27,318
1775447953902,key-47,135
1775447953906,key-35,377
1775447953914,key-47,147
1775447953917,key-19,302
1775447953919,key-38,69
1775447953956,key-29,461
1775447953965,key-21,252
1775447953974,key-15,191
1775447953987,key-11,130
1775447953992,key-26,256
1775447953997,key-21,63
1775447954036,key-38,186
1775447954041,key-11,105
1775447954043,key-47,276
1775447954044,key-30,331
1775447954059,key-18,174
1775447954068,key-15,83
1775447954069,key-38,219
1775447954070,key-29,575
1775447954082,key-21,148
1775447954083,key-4,129
1775447954083,key-26,189
1775447954096,key-21,162
1775447954114,key-25,173
1775447954116,key-39,74
1775447954139,key-22,100
1775447954160,key-50,499
1775447954162,key-43,450
1775447954163,key-4,209
1775447954166,key-21,232
1775447954172,key-5,617
1775447954186,key-18,301
1775447954193,key-38,343
1775447954194,key-21,260
1775447954197,key-3,158
1775447954198,key-3,159
1775447954211,key-21,277
1775447954212,key-33,671
1775447954213,key-39,171
1775447954216,key-39,174
1775447954220,key-50,135
1775447954221,key-11,98
1775447954221,key-31,145
1775447954228,key-16,308
1775447954239,key-49,124
1775447954246,key-25,236
1775447954255,key-27,137
1775447954257,key-25,65
1775447954277,key-3,132
1775447954280,key-46,162
1775447954281,key-43,153
1775447954282,key-50,197
1775447954287,key-25,277
1775447954300,key-21,366
1775447954306,key-33,81
1775447954326,key-31,148
1775447954327,key-40,145
1775447954345,key-35,62
1775447954347,key-39,305
1775447954349,key-3,204
1775447954354,key-9,630
1775447954358,key-10,129
1775447954369,key-43,241
1775447954374,key-16,454
1775447954377,key-25,185
1775447954378,key-33,153
1775447954378,key-25,186
1775447954399,key-22,124
1775447954411,key-34,106
1775447954429,key-5,204
1775447954449,key-36,124
1775447954450,key-3,305
1775447954452,key-7,998
1775447954462,key-38,117
1775447954463,key-15,117
1775447954472,key-33,66
1775447954480,key-38,135
1775447954481,key-43,129
1775447954487,key-3,342
1775447954497,key-9,119
1775447954498,key-34,175
1775447954504,key-35,130
1775447954529,key-7,1075
1775447954537,key-7,1083
1775447954548,key-7,1094
1775447954578,key-3,168
1775447954583,key-15,237
1775447954591,key-37,138
1775447954592,key-16,115
1775447954599,key-5,374
1775447954601,key-40,111
1775447954609,key-34,286
1775447954623,key-23,1333
1775447954627,key-28,113
1775447954634,key-10,167
1775447954636,key-28,108
1775447954668,key-28,140
1775447954672,key-33,122
1775447954689,key-9,311
1775447954689,key-31,72
1775447954706,key-2,71
1775447954733,key-28,205
1775447954740,key-15,394
1775447954760,key-8,107
1775447954771,key-43,97
1775447954788,key-37,335
1775447954789,key-38,412
1775447954794,key-23,1504
1775447954794,key-10,155
1775447954842,key-8,189
1775447954844,key-32,816
1775447954860,key-8,207
1775447954881,key-8,228
1775447954893,key-25,269
1775447954899,key-15,56
1775447954927,key-25,303
1775447954934,key-35,560
1775447954936,key-4,64
1775447954954,key-4,82
1775447954962,key-35,110
1775447954975,key-32,947
1775447954980,key-11,161
1775447954999,key-1,158
1775447955006,key-24,65
1775447955016,key-48,349
1775447955046,key-38,65
1775447955061,key-49,71
1775447955064,key-31,447
1775447955070,key-30,1357
1775447955071,key-30,1358
1775447955080,key-45,160
1775447955099,key-19,66
1775447955100,key-33,93
1775447955106,key-19,124
1775447955112,key-24,171
1775447955114,key-40,624
1775447955121,key-24,180
1775447955126,key-42,144
1775447955137,key-2,155
1775447955138,key-49,131
1775447955151,key-37,130
1775447955154,key-2,172
1775447955168,key-37,147
1775447955182,key-22,907
1775447955187,key-19,154
1775447955202,key-47,195
1775447955211,key-16,178
1775447955223,key-34,145
1775447955228,key-41,104
1775447955237,key-32,116
1775447955237,key-45,317
1775447955243,key-42,261
1775447955248,key-44,64
1775447955259,key-14,122
1775447955275,key-2,293
1775447955293,key-32,72
1775447955310,key-7,125
1775447955311,key-25,687
1775447955314,key-34,57
1775447955315,key-16,282
1775447955322,key-30,60
1775447955335,key-34,257
1775447955344,key-32,123
1775447955345,key-4,264
1775447955363,key-13,272
1775447955365,key-47,127
1775447955377,key-26,136
1775447955382,key-46,96
1775447955400,key-4,84
1775447955408,key-25,784
1775447955410,key-17,924
1775447955420,key-46,134
1775447955438,key-4,122
1775447955441,key-25,817
1775447955442,key-16,409
1775447955443,key-28,112
1775447955455,key-38,474
1775447955472,key-47,205
1775447955484,key-41,360
1775447955493,key-25,869
1775447955501,key-4,185
1775447955517,key-13,136
1775447955522,key-50,74
1775447955560,key-16,173
1775447955562,key-28,231
1775447955563,key-27,601
1775447955566,key-25,942
1775447955577,key-13,196
1775447955589,key-4,119
1775447955597,key-25,973
1775447955598,key-39,428
1775447955623,key-4,153
1775447955629,key-50,181
1775447955630,key-34,373
1775447955639,key-37,139
1775447955651,key-11,113
1775447955654,key-41,109
1775447955680,key-11,142
1775447955694,key-46,408
1775447955700,key-4,118
1775447955715,key-11,177
1775447955722,key-39,552
1775447955744,key-33,598
1775447955745,key-13,364
1775447955746,key-24,805
1775447955749,key-25,130
1775447955753,key-50,111
1775447955758,key-39,588
1775447955760,key-7,58
1775447955770,key-18,128
1775447955778,key-44,594
1775447955778,key-41,233
1775447955789,key-39,619
1775447955790,key-32,120
1775447955815,key-16,69
1775447955820,key-18,78
1775447955834,key-39,664
1775447955854,key-27,348
1775447955855,key-11,164
1775447955860,key-20,644
1775447955862,key-16,90
1775447955866,key-2,74
1775447955870,key-20,654
1775447955873,key-14,255
1775447955885,key-38,124
1775447955887,key-13,506
1775447955893,key-3,103
1775447955895,key-18,153
1775447955907,key-16,135
1775447955967,key-2,103
1775447955969,key-18,105
1775447955970,key-27,464
1775447955974,key-36,771
1775447955999,key-13,618
1775447956000,key-8,223
1775447956012,key-24,201
1775447956027,key-10,892
1775447956027,key-22,1752
1775447956043,key-28,162
1775447956045,key-15,157
1775447956055,key-16,283
1775447956058,key-21,136
1775447956067,key-14,150
1775447956074,key-46,360
1775447956110,key-8,333
1775447956111,key-27,188
1775447956133,key-3,103
1775447956137,key-22,56
1775447956160,key-18,296
1775447956161,key-50,339
1775447956164,key-16,183
1775447956168,key-14,133
1775447956170,key-26,228
1775447956175,key-25,106
1775447956180,key-37,138
1775447956209,key-12,58
1775447956220,key-22,139
1775447956232,key-16,66
1775447956262,key-29,120
1775447956272,key-26,330
1775447956283,key-18,419
1775447956290,key-37,248
1775447956292,key-22,211
1775447956297,key-16,131
1775447956332,key-37,290
1775447956347,key-20,97
1775447956364,key-23,790
1775447956376,key-29,234
1775447956382,key-37,340
1775447956404,key-49,109
1775447956418,key-27,84
1775447956420,key-29,278
1775447956430,key-14,68
1775447956436,key-41,111
1775447956436,key-18,572
1775447956453,key-41,128
1775447956463,key-20,74
1775447956469,key-19,124
1775447956474,key-25,405
1775447956486,key-20,74
1775447956518,key-15,93
1775447956520,key-27,186
1775447956527,key-18,80
1775447956527,key-20,115
1775447956540,key-44,115
1775447956557,key-27,223
1775447956569,key-3,157
1775447956595,key-25,526
1775447956602,key-41,117
1775447956602,key-24,470
1775447956610,key-41,125
1775447956612,key-19,267
1775447956612,key-14,250
1775447956618,key-15,193
1775447956655,key-10,135
1775447956661,key-41,176
1775447956672,key-18,146
1775447956682,key-14,156
1775447956695,key-24,563
1775447956704,key-15,279
1775447956736,key-21,316
1775447956749,key-19,404
1775447956754,key-19,409
1775447956758,key-19,413
1775447956770,key-28,185
1775447956776,key-17,183
1775447956792,key-48,306
1775447956797,key-43,178
1775447956805,key-18,138
1775447956821,key-42,55
1775447956855,key-15,207
1775447956870,key-19,525
1775447956880,key-39,118
1775447956885,key-15,134
1775447956889,key-21,469
1775447956889,key-27,108
1775447956894,key-18,227
1775447956897,key-46,95
1775447956913,key-6,258
1775447956913,key-19,568
1775447956917,key-44,166
1775447956935,key-11,540
1775447956944,key-23,113
1775447956947,key-49,90
1775447956961,key-42,195
1775447956975,key-18,308
1775447956984,key-8,141
1775447956986,key-48,164
1775447957003,key-15,252
1775447957015,key-11,620
1775447957016,key-15,265
1775447957028,key-19,683
1775447957029,key-37,116
1775447957037,key-27,180
1775447957038,key-21,618
1775447957051,key-19,706
1775447957056,key-49,199
1775447957060,key-46,194
1775447957063,key-11,668
1775447957067,key-24,372
1775447957085,key-8,82
1775447957099,key-48,70
1775447957105,key-48,76
1775447957115,key-8,112
1775447957116,key-2,215
1775447957116,key-19,771
1775447957128,key-22,202
1775447957129,key-28,343
1775447957129,key-46,263
1775447957136,key-46,270
1775447957136,key-24,441
1775447957143,key-45,132
1775447957148,key-11,753
1775447957148,key-50,78
1775447957158,key-11,763
1775447957161,key-8,158
1775447957169,key-37,256
1775447957179,key-20,110
1775447957181,key-37,77
1775447957186,key-8,183
1775447957193,key-48,135
1775447957194,key-18,172
1775447957195,key-20,126
1775447957201,key-3,68
1775447957203,key-37,133
1775447957210,key-8,207
1775447957216,key-24,521
1775447957219,key-21,799
1775447957223,key-8,58
1775447957223,key-6,155
1775447957224,key-41,80
1775447957231,key-17,123
1775447957234,key-4,153
1775447957235,key-28,449
1775447957242,key-4,73
1775447957247,key-8,82
1775447957250,key-46,384
1775447957250,key-2,349
1775447957253,key-33,109
1775447957268,key-8,103
1775447957277,key-20,77
1775447957278,key-16,109
1775447957282,key-50,212
1775447957283,key-8,118
1775447957289,key-40,55
1775447957289,key-44,69
1775447957295,key-18,273
1775447957308,key-40,62
1775447957320,key-10,86
1775447957324,key-6,256
1775447957324,key-24,629
1775447957324,key-20,124
1775447957333,key-7,1044
1775447957335,key-28,105
1775447957347,key-44,127
1775447957349,key-21,929
1775447957359,key-45,348
1775447957361,key-8,196
1775447957371,key-2,227
1775447957383,key-4,214
1775447957386,key-11,991
1775447957386,key-4,217
1775447957386,key-26,134
1775447957389,key-12,57
1775447957402,key-50,332
1775447957451,key-12,113
1775447957452,key-12,114
1775447957452,key-12,114
1775447957452,key-44,232
1775447957494,key-32,161
1775447957503,key-50,433
1775447957505,key-29,155
1775447957518,key-12,180
1775447957520,key-4,351
1775447957526,key-37,422
1775447957539,key-25,108
1775447957570,key-3,421
1775447957578,key-16,409
1775447957585,key-30,169
1775447957612,key-42,534
1775447957614,key-2,470
1775447957629,key-48,212
1775447957647,key-44,427
1775447957653,key-48,236
1775447957676,key-12,338
1775447957680,key-29,330
1775447957699,key-18,121
1775447957717,key-8,73
1775447957722,key-25,291
1775447957731,key-14,159
1775447957754,key-36,1099
1775447957771,key-14,199
1775447957773,key-47,734
1775447957808,key-16,639
1775447957819,key-40,136
1775447957823,key-2,141
1775447957825,key-38,173
1775447957826,key-7,391
1775447957826,key-42,748
1775447957829,key-21,491
1775447957838,key-38,186
1775447957874,key-36,157
1775447957882,key-49,178
1775447957886,key-1,359
1775447957894,key-50,174
1775447957898,key-9,515
1775447957904,key-18,326
1775447957910,key-16,741
1775447957912,key-46,602
1775447957913,key-14,146
1775447957921,key-14,154
1775447957921,key-39,122
1775447957926,key-7,119
1775447957928,key-14,161
1775447957934,key-21,596
1775447957947,key-38,295
1775447957960,key-38,308
1775447957963,key-38,311
1775447957967,key-30,551
1775447957967,key-43,1348
1775447957980,key-16,95
1775447957984,key-14,86
1775447957984,key-2,302
1775447957985,key-14,87
1775447957988,key-14,90
1775447958010,key-39,56
1775447958011,key-41,59
1775447958017,key-40,334
1775447958021,key-37,69
1775447958026,key-21,70
1775447958028,key-38,376
1775447958028,key-38,376
1775447958031,key-18,145
1775447958034,key-17,120
1775447958041,key-9,658
1775447958064,key-14,166
1775447958065,key-21,109
1775447958070,key-33,534
1775447958083,key-38,431
1775447958097,key-32,764
1775447958113,key-4,142
1775447958114,key-6,80
1775447958115,key-30,145
1775447958118,key-34,84
1775447958125,key-8,481
1775447958126,key-39,172
1775447958127,key-4,156
1775447958129,key-13,65
1775447958143,key-21,187
1775447958147,key-43,73
1775447958156,key-26,83
1775447958158,key-22,105
1775447958170,key-10,462
1775447958171,key-18,285
1775447958180,key-27,668
1775447958190,key-23,112
1775447958193,key-20,139
1775447958204,key-23,126
1775447958215,key-38,563
1775447958218,key-8,574
1775447958229,key-1,130
1775447958234,key-32,901
1775447958236,key-16,183
1775447958267,key-43,193
1775447958298,key-23,220
1775447958304,key-31,1792
1775447958321,key-13,184
1775447958323,key-25,71
1775447958326,key-18,440
1775447958327,key-14,127
1775447958329,key-32,96
1775447958343,key-6,166
1775447958359,key-4,133
1775447958366,key-10,658
1775447958385,key-38,733
1775447958400,key-29,543
1775447958407,key-19,419
1775447958408,key-8,764
1775447958420,key-25,168
1775447958436,key-43,262
1775447958440,key-7,113
1775447958470,key-6,293
1775447958480,key-4,254
1775447958492,key-10,151
1775447958494,key-46,162
1775447958502,key-29,645
1775447958502,key-8,858
1775447958520,key-10,179
1775447958538,key-43,364
1775447958556,key-1,107
1775447958559,key-45,696
1775447958571,key-39,107
1775447958585,key-13,86
1775447958591,key-4,124
1775447958614,key-13,115
1775447958625,key-47,129
1775447958626,key-28,161
1775447958638,key-10,143
1775447958643,key-8,999
1775447958644,key-47,148
1775447958702,key-13,203
1775447958702,key-36,985
1775447958703,key-14,503
1775447958703,key-44,169
1775447958704,key-47,71
1775447958709,key-38,1057
1775447958731,key-41,144
1775447958733,key-3,1584
1775447958736,key-50,151
1775447958744,key-49,153
1775447958756,key-8,1112
1775447958756,key-41,129
1775447958757,key-4,195
1775447958758,key-12,1005
1775447958760,key-47,127
1775447958768,key-47,135
1775447958785,key-28,82
1775447958785,key-37,137
1775447958790,key-7,88
1775447958805,key-28,102
1775447958808,key-37,160
1775447958808,key-28,217
1775447958808,key-47,175
1775447958809,key-47,176
1775447958828,key-44,195
1775447958847,key-44,214
1775447958855,key-36,118
1775447958879,key-12,99
1775447958879,key-37,231
1775447958881,key-13,112
1775447958883,key-45,113
1775447958892,key-37,244
1775447958899,key-28,196
1775447958908,key-7,206
1775447958910,key-12,130
1775447958910,key-12,130
1775447958918,key-49,327
1775447958918,key-28,215
1775447958931,key-40,78
1775447958938,key-27,459
1775447958943,key-7,241
1775447958957,key-47,324
1775447958971,key-26,116
1775447958983,key-37,335
1775447958985,key-4,113
1775447958988,key-47,355
1775447959008,key-4,136
1775447959009,key-6,73
1775447959015,key-39,403
1775447959040,key-12,260
1775447959042,key-49,451
1775447959051,key-4,179
1775447959076,key-27,597
1775447959081,key-26,226
1775447959086,key-27,607
1775447959088,key-47,455
1775447959104,key-47,471
1775447959108,key-28,405
1775447959124,key-40,271
1775447959126,key-39,514
1775447959127,key-7,425
1775447959129,key-26,274
1775447959138,key-13,189
1775447959185,key-28,482
1775447959201,key-26,346
1775447959209,key-26,354
1775447959216,key-33,107
1775447959217,key-47,584
1775447959227,key-11,791
1775447959236,key-20,164
1775447959237,key-27,758
1775447959253,key-46,133
1775447959260,key-47,627
1775447959262,key-26,407
1775447959274,key-21,810
1775447959287,key-42,170
1775447959300,key-46,180
1775447959317,key-7,615
1775447959323,key-24,167
1775447959326,key-13,103
1775447959328,key-47,695
1775447959335,key-26,480
1775447959338,key-44,705
1775447959338,key-28,635
1775447959340,key-9,95
1775447959343,key-28,640
1775447959347,key-47,714
1775447959351,key-27,872
1775447959383,key-20,311
1775447959385,key-19,76
1775447959396,key-48,491
1775447959401,key-47,768
1775447959402,key-24,246
1775447959415,key-7,713
1775447959436,key-44,803
1775447959458,key-37,102
1775447959459,key-30,405
1775447959460,key-4,67
1775447959461,key-9,216
1775447959461,key-7,759
1775447959465,key-11,221
1775447959488,key-33,379
1775447959488,key-26,633
1775447959488,key-7,786
1775447959502,key-15,120
1775447959512,key-19,122
1775447959517,key-17,759
1775447959518,key-5,155
1775447959519,key-31,119
1775447959519,key-2,420
1775447959528,key-39,916
1775447959529,key-20,457
1775447959530,key-13,107
1775447959536,key-13,113
1775447959540,key-11,157
1775447959540,key-9,295
1775447959561,key-26,706
1775447959563,key-4,144
1775447959564,key-37,70
1775447959581,key-48,198
1775447959587,key-6,533
1775447959593,key-40,502
1775447959596,key-23,65
1775447959599,key-50,243
1775447959608,key-37,114
1775447959611,key-31,211
1775447959612,key-37,118
1775447959623,key-13,200
1775447959636,key-40,545
1775447959642,key-10,286
1775447959654,key-2,555
1775447959663,key-11,280
1775447959665,key-39,1053
1775447959665,key-22,281
1775447959668,key-16,843
1775447959677,key-29,142
1775447959690,key-26,835
1775447959693,key-40,117
1775447959700,key-13,277
1775447959702,key-15,320
1775447959714,key-17,143
1775447959718,key-9,102
1775447959722,key-40,146
1775447959723,key-24,567
1775447959731,key-50,151
1775447959733,key-36,166
1775447959735,key-4,176
1775447959754,key-6,178
1775447959755,key-10,399
1775447959760,key-5,397
1775447959764,key-13,341
1775447959783,key-8,400
1775447959787,key-41,71
1775447959789,key-19,93
1775447959802,key-43,102
1775447959803,key-9,88
1775447959809,key-43,109
1775447959811,key-40,235
1775447959820,key-22,436
1775447959821,key-21,122
1775447959826,key-34,274
1775447959836,key-17,119
1775447959843,key-4,284
1775447959844,key-9,129
1775447959853,key-39,1241
1775447959854,key-4,295
1775447959857,key-37,121
1775447959860,key-17,106
1775447959862,key-28,108
1775447959871,key-25,237
1775447959871,key-9,156
1775447959875,key-13,452
1775447959880,key-5,517
1775447959889,key-5,526
1775447959893,key-9,178
1775447959894,key-25,116
1775447959899,key-24,743
1775447959905,key-22,152
1775447959908,key-47,80
1775447959928,key-9,213
1775447959939,key-10,583
1775447959939,key-28,71
1775447959941,key-32,52
1775447959945,key-43,85
1775447959945,key-33,836
1775447959945,key-5,582
1775447959950,key-25,125
1775447959951,key-49,1360
1775447959954,key-32,65
1775447959961,key-38,442
1775447959961,key-9,246
1775447959972,key-24,107
1775447959992,key-30,578
1775447959996,key-9,281
1775447960014,key-22,261
1775447960014,key-2,145
1775447960014,key-32,70
1775447960032,key-9,317
1775447960035,key-9,320
1775447960038,key-32,94
1775447960046,key-28,178
1775447960047,key-8,156
1775447960062,key-25,237
1775447960076,key-49,1485
1775447960081,key-43,186
1775447960089,key-8,198
1775447960092,key-47,264
1775447960093,key-32,149
1775447960097,key-22,152
1775447960099,key-22,154
1775447960101,key-28,75
1775447960120,key-43,117
1775447960126,key-2,257
1775447960142,key-37,154
1775447960155,key-7,147
1775447960157,key-16,58
1775447960158,key-50,578
1775447960161,key-24,120
1775447960163,key-40,119
1775447960172,key-16,73
1775447960177,key-14,111
1775447960190,key-34,171
1775447960191,key-25,366
1775447960197,key-43,194
1775447960200,key-25,375
1775447960227,key-50,647
1775447960228,key-22,283
1775447960261,key-32,146
1775447960264,key-44,105
1775447960264,key-7,256
1775447960278,key-34,259
1775447960279,key-25,140
1775447960280,key-41,564
1775447960285,key-11,160
1775447960291,key-32,176
1775447960292,key-16,193
1775447960295,key-28,131
1775447960316,key-40,226
1775447960317,key-50,737
1775447960317,key-33,153
1775447960318,key-31,120
1775447960327,key-34,308
1775447960328,key-1,160
1775447960329,key-31,131
1775447960353,key-11,228
1775447960360,key-26,128
1775447960370,key-7,362
1775447960393,key-16,294
1775447960394,key-1,226
1775447960394,key-40,304
1775447960398,key-40,308
1775447960400,key-14,334
1775447960422,key-28,258
1775447960434,key-7,426
1775447960434,key-33,183
1775447960449,key-1,281
1775447960457,key-1,289
1775447960457,key-38,125
1775447960458,key-34,439
1775447960471,key-33,220
1775447960471,key-50,891
1775447960474,key-8,337
1775447960497,key-20,79
1775447960507,key-17,179
1775447960509,key-40,419
1775447960513,key-1,95
1775447960517,key-41,249
1775447960520,key-26,201
1775447960520,key-19,824
1775447960523,key-7,515
1775447960539,key-7,531
1775447960539,key-33,288
1775447960553,key-9,359
1775447960554,key-18,588
1775447960566,key-1,148
1775447960579,key-14,513
1775447960586,key-30,335
1775447960587,key-13,1164
1775447960605,key-7,597
1775447960617,key-31,116
1775447960621,key-39,118
1775447960623,key-9,429
1775447960625,key-5,145
1775447960631,key-8,494
1775447960649,key-25,138
1775447960650,key-37,298
1775447960666,key-45,140
1775447960668,key-33,417
1775447960674,key-40,584
1775447960676,key-29,159
1775447960708,key-12,94
1775447960711,key-9,92
1775447960723,key-11,137
1775447960734,key-37,382
1775447960751,key-14,685
1775447960752,key-46,105
1775447960754,key-12,140
1775447960763,key-40,673
1775447960769,key-39,266
1775447960776,key-24,126
1775447960780,key-36,116
1775447960792,key-22,54
1775447960799,key-8,662
1775447960801,key-25,290
1775447960810,key-23,131
1775447960813,key-29,296
1775447960814,key-20,396
1775447960822,key-24,136
1775447960837,key-24,151
1775447960838,key-14,772
1775447960857,key-41,119
1775447960861,key-4,457
1775447960868,key-45,157
1775447960882,key-30,161
1775447960889,key-14,823
1775447960893,key-35,226
1775447960903,key-45,91
1775447960903,key-20,134
1775447960905,key-7,897
1775447960927,key-24,241
1775447960938,key-32,210
1775447960940,key-8,803
1775447960944,key-47,132
1775447960956,key-20,187
1775447960957,key-15,127
1775447960969,key-48,231
1775447960979,key-26,160
1775447960980,key-24,294
1775447960986,key-41,248
1775447960993,key-45,181
1775447961006,key-35,339
1775447961011,key-7,1003
1775447961022,key-45,210
1775447961029,key-24,343
1775447961041,key-24,355
1775447961056,key-44,252
1775447961059,key-30,152
1775447961062,key-32,334
1775447961063,key-45,251
1775447961067,key-24,381
1775447961087,key-45,275
1775447961087,key-35,420
1775447961098,key-4,694
1775447961111,key-41,373
1775447961116,key-47,304
1775447961118,key-35,451
1775447961129,key-47,317
1775447961141,key-24,176
1775447961157,key-48,419
1775447961161,key-3,197
1775447961163,key-50,617
1775447961169,key-48,113
1775447961173,key-1,85
1775447961204,key-45,138
1775447961212,key-46,64
1775447961213,key-15,383
1775447961213,key-30,136
1775447961223,key-32,495
1775447961232,key-14,131
1775447961233,key-47,421
1775447961234,key-41,496
1775447961239,key-46,76
1775447961239,key-47,427
1775447961249,key-9,143
1775447961259,key-24,294
1775447961276,key-42,189
1775447961278,key-46,115
1775447961287,key-6,134
1775447961301,key-48,130
1775447961305,key-23,165
1775447961314,key-39,174
1775447961316,key-47,504
1775447961316,key-30,102
1775447961317,key-33,68
1775447961342,key-46,179
1775447961350,key-30,136
1775447961357,key-2,108
1775447961357,key-15,527
1775447961362,key-9,210
1775447961366,key-47,554
1775447961373,key-30,159
1775447961377,key-41,158
1775447961380,key-14,154
1775447961380,key-33,131
1775447961382,key-41,163
1775447961393,key-17,336
1775447961398,key-12,489
1775447961415,key-4,99
1775447961421,key-30,207
1775447961435,key-30,221
1775447961466,key-25,955
1775447961474,key-4,158
1775447961476,key-40,1386
1775447961478,key-47,666
1775447961487,key-30,273
1775447961504,key-32,162
1775447961505,key-49,107
1775447961513,key-49,66
1775447961517,key-49,119
1775447961517,key-30,76
1775447961527,key-4,211
1775447961528,key-49,130
1775447961534,key-48,150
1775447961554,key-10,753
1775447961555,key-4,239
1775447961563,key-18,120
1775447961569,key-4,253
1775447961575,key-49,104
1775447961576,key-17,226
1775447961585,key-24,88
1775447961590,key-4,274
1775447961591,key-36,148
1775447961603,key-27,743
1775447961604,key-4,288
1775447961609,key-26,113
1775447961610,key-21,134
1775447961615,key-29,165
1775447961618,key-10,817
1775447961626,key-21,150
1775447961627,key-50,1081
1775447961629,key-21,91
1775447961633,key-30,192
1775447961653,key-9,115
1775447961654,key-30,121
1775447961654,key-18,107
1775447961658,key-30,125
1775447961677,key-49,206
1775447961694,key-10,893
1775447961696,key-48,312
1775447961704,key-21,128
1775447961711,key-36,268
1775447961712,key-18,165
1775447961721,key-1,233
1775447961728,key-10,927
1775447961734,key-50,1188
1775447961742,key-13,107
1775447961747,key-13,112
1775447961753,key-10,952
1775447961755,key-17,405
1775447961755,key-21,179
1775447961755,key-50,1209
1775447961762,key-20,131
1775447961769,key-8,354
1775447961781,key-37,81
1775447961795,key-14,492
1775447961802,key-19,126
1775447961803,key-50,1257
1775447961816,key-9,110
1775447961821,key-6,58
1775447961823,key-9,117
1775447961832,key-10,1031
1775447961835,key-6,72
1775447961837,key-39,148
1775447961842,key-32,500
1775447961842,key-10,1041
1775447961847,key-28,184
1775447961847,key-13,212
1775447961855,key-20,80
1775447961862,key-50,119
1775447961867,key-47,116
1775447961867,key-27,1007
1775447961868,key-2,68
1775447961873,key-10,1072
1775447961884,key-42,133
1775447961903,key-20,128
1775447961915,key-41,517
1775447961915,key-50,134
1775447961920,key-3,117
1775447961935,key-50,154
1775447961955,key-37,255
1775447961959,key-47,208
1775447961964,key-39,275
1775447961982,key-49,76
1775447961984,key-10,1183
1775447962006,key-3,129
1775447962008,key-22,144
1775447962010,key-34,915
1775447962011,key-47,260
1775447962021,key-19,118
1775447962036,key-49,81
1775447962037,key-27,110
1775447962042,key-8,627
1775447962057,key-50,276
1775447962059,key-47,308
1775447962069,key-35,73
1775447962077,key-49,122
1775447962089,key-6,56
1775447962093,key-9,308
1775447962097,key-29,135
1775447962113,key-14,110
1775447962122,key-17,105
1775447962134,key-47,383
1775447962135,key-21,167
1775447962146,key-44,137
1775447962175,key-35,179
1775447962185,key-17,168
1775447962202,key-29,240
1775447962204,key-30,69
1775447962217,key-21,249
1775447962220,key-17,203
1775447962228,key-17,211
1775447962234,key-25,1723
1775447962244,key-2,104
1775447962252,key-47,501
1775447962255,key-14,252
1775447962258,key-30,123
1775447962259,key-48,89
1775447962283,key-16,187
1775447962286,key-30,151
1775447962310,key-2,170
1775447962310,key-47,71
1775447962324,key-14,321
1775447962328,key-41,83
1775447962329,key-30,194
1775447962336,key-33,110
1775447962339,key-37,477
1775447962343,key-25,1832
1775447962353,key-35,142
1775447962360,key-2,79
1775447962360,key-48,190
1775447962364,key-47,125
1775447962377,key-41,132
1775447962385,key-33,159
1775447962385,key-30,250
1775447962396,key-2,115
1775447962412,key-21,153
1775447962426,key-8,1011
1775447962426,key-46,544
1775447962436,key-48,266
1775447962446,key-41,201
1775447962447,key-33,221
1775447962460,key-8,1045
1775447962463,key-40,170
1775447962475,key-2,194
1775447962489,key-2,110
1775447962491,key-25,1980
1775447962497,key-12,374
1775447962503,key-48,333
1775447962524,key-4,630
1775447962530,key-8,1115
1775447962531,key-7,108
1775447962549,key-45,114
1775447962564,key-40,81
1775447962568,key-19,284
1775447962575,key-8,1160
1775447962588,key-36,142
1775447962592,key-48,144
1775447962600,key-41,355
1775447962610,key-12,120
1775447962613,key-30,147
1775447962630,key-40,147
1775447962631,key-6,598
1775447962636,key-50,561
1775447962646,key-8,162
1775447962669,key-19,385
1775447962670,key-40,187
1775447962680,key-45,245
1775447962681,key-40,198
1775447962682,key-27,146
1775447962685,key-42,934
1775447962711,key-32,226
1775447962714,key-50,639
1775447962727,key-47,171
1775447962728,key-27,104
1775447962730,key-45,78
1775447962731,key-18,75
1775447962732,key-12,169
1775447962737,key-8,253
1775447962742,key-50,667
1775447962744,key-31,170
1775447962744,key-13,154
1775447962755,key-19,471
1775447962759,key-45,107
1775447962761,key-28,234
1775447962766,key-12,203
1775447962767,key-42,159
1775447962784,key-21,525
1775447962789,key-50,133
1775447962790,key-25,152
1775447962795,key-27,171
1775447962808,key-23,151
1775447962810,key-45,158
1775447962814,key-17,155
1775447962821,key-31,247
1775447962823,key-32,91
1775447962825,key-25,122
1775447962826,key-42,218
1775447962827,key-19,543
1775447962844,key-6,811
1775447962846,key-12,283
1775447962865,key-45,213
1775447962877,key-21,136
1775447962880,key-15,113
1775447962883,key-50,227
1775447962903,key-50,247
1775447962903,key-50,247
1775447962949,key-21,208
1775447962949,key-31,375
1775447962950,key-2,571
1775447962950,key-27,109
1775447962950,key-19,666
1775447962951,key-27,110
